url_path,views_total,views_unique
/inseq-team/inseq,206,97
/inseq-team/inseq/tree/main/inseq,86,12
/inseq-team/inseq/blob/main/examples/inseq_tutorial.ipynb,74,21
/inseq-team/inseq/tree/main/inseq/attr/feat,50,7
/inseq-team/inseq/tree/main/inseq/attr,46,8
/inseq-team/inseq/issues,35,10
/inseq-team/inseq/blob/main/inseq/attr/feat/gradient_attribution.py,33,4
/inseq-team/inseq/tree/main/inseq/models,24,5
/inseq-team/inseq/tree/main/examples,20,8
/inseq-team/inseq/blob/main/inseq/data/attribution.py,15,4
